passanger_id,name,last_name,mail,phone
24680344,Olivia,Garcia,Olivia.Garcia@email.com,+447227002613
70925309,John,Smith,John.Smith@email.com,+441303328693
51927198,John,Williams,John.Williams@email.com,+16363150156
41908849,Olivia,Johnson,Olivia.Johnson@email.com,+445191722065
54489710,David,Brown,David.Brown@email.com,+13624530353
78027838,Jane,Smith,Jane.Smith@email.com,+11522175909
38677462,Michael,Jones,Michael.Jones@email.com,+867992503600
34734477,Jane,Smith,Jane.Smith@email.com,+619349739573
05770759,Olivia,Brown,Olivia.Brown@email.com,+611902113449
45393710,Emily,Smith,Emily.Smith@email.com,+13875874254
87863129,John,Brown,John.Brown@email.com,+12783368342
71871747,Emily,Williams,Emily.Williams@email.com,+442508714253
43168576,Jane,Williams,Jane.Williams@email.com,+19967604823
16024365,Olivia,Brown,Olivia.Brown@email.com,+867172266036
67702550,Emily,Jones,Emily.Jones@email.com,+14476209007
